date,crawl_requests,download_bytes,average_response_ms
2026-07-13,50,648298,208
2026-07-14,30,923776,314
2026-07-15,25,607569,232
2026-07-16,42,930965,261
2026-07-17,17,212322,223
2026-07-18,0,0,0
2026-07-19,53,593130,163
2026-07-20,24,479290,234
2026-07-21,3,31378,433
2026-07-22,54,1021112,255
2026-07-23,9,63554,383
2026-07-24,35,713130,284
2026-07-25,7,62881,426
2026-07-26,29,542941,252
2026-07-27,62,498365,202
2026-07-28,8,63796,385
2026-07-29,47,521710,173
2026-07-30,41,980670,269
2026-07-31,10,125757,387
2026-08-01,4,16277,297
2026-08-02,8,63550,405
2026-08-03,3,16243,365
2026-08-04,24,227245,344
2026-08-05,57,375249,196
2026-08-06,60,1115475,215
2026-08-07,22,252391,381
2026-08-08,77,1056483,259
2026-08-09,24,315628,276
2026-08-10,4,47084,432
2026-08-11,6,58658,402
2026-08-12,32,413552,3659
2026-08-13,6,47607,402
2026-08-14,7,31634,375
2026-08-15,58,983341,247
2026-08-16,2,11918,443
2026-08-17,52,1473150,226
2026-08-18,0,0,0
2026-08-19,16,460326,293
2026-08-20,0,0,0
2026-08-21,28,293951,4882
2026-08-22,0,0,0
2026-08-23,29,547176,213
2026-08-24,0,0,0
2026-08-25,24,477686,229
2026-08-26,0,0,0
2026-08-27,0,0,0
2026-08-28,50,734175,195
2026-08-29,0,0,0
2026-08-30,21,612239,241
2026-08-31,0,0,0
2026-09-01,9,360285,333
2026-09-02,0,0,0
2026-09-03,37,349062,183
2026-09-04,0,0,0
2026-09-05,27,302412,241
2026-09-06,29,566356,244
2026-09-07,46,751287,204
2026-09-08,23,615224,266
2026-09-09,0,0,0
2026-09-10,21,532219,276
2026-09-11,0,0,0
2026-09-12,53,1246825,284
2026-09-13,0,0,0
2026-09-14,22,451359,277
2026-09-15,0,0,0
2026-09-16,0,0,0
2026-09-17,13,40418,559
2026-09-18,23,591569,339
2026-09-19,16,670712,536
2026-09-20,5,46756,424
2026-09-21,2,16217,581
2026-09-22,4,32444,572
2026-09-23,51,999619,338
2026-09-24,70,1038008,278
2026-09-25,15,259535,332
2026-09-26,5,44833,436
2026-09-27,43,290330,330
2026-09-28,11,151675,397
2026-09-29,2,41753,1385
2026-09-30,26,272919,1766
2026-10-01,13,1470462,15800
2026-10-02,0,0,0
2026-10-03,41,257099,171
2026-10-04,1,16763,49
2026-10-05,1,52263,36
2026-10-06,34,596807,242
