date,not_indexed,indexed,impressions
2026-07-13,,,40
2026-07-14,,,41
2026-07-15,,,55
2026-07-16,,,55
2026-07-17,,,52
2026-07-18,,,70
2026-07-19,,,67
2026-07-20,,,74
2026-07-21,,,92
2026-07-22,,,85
2026-07-23,,,68
2026-07-24,4575,1,66
2026-07-25,1224,1,98
2026-07-26,1224,1,106
2026-07-27,1224,1,76
2026-07-28,1224,1,72
2026-07-29,1224,1,73
2026-07-30,1224,1,75
2026-07-31,1224,1,112
2026-08-01,1224,1,118
2026-08-02,1224,1,101
2026-08-03,1224,1,112
2026-08-04,1224,1,79
2026-08-05,1224,1,65
2026-08-06,1138,1,47
2026-08-07,1138,1,41
2026-08-08,1119,1,21
2026-08-09,1119,1,45
2026-08-10,1119,1,33
2026-08-11,1086,1,33
2026-08-12,1086,1,37
2026-08-13,1086,1,48
2026-08-14,1086,1,23
2026-08-15,887,1,42
2026-08-16,887,1,38
2026-08-17,887,1,29
2026-08-18,352,1,22
2026-08-19,352,1,25
2026-08-20,352,1,7
2026-08-21,352,1,9
2026-08-22,304,1,16
2026-08-23,304,1,16
2026-08-24,304,1,6
2026-08-25,304,1,13
2026-08-26,304,1,4
2026-08-27,304,1,18
2026-08-28,304,1,5
2026-08-29,299,1,16
2026-08-30,299,1,12
2026-08-31,299,1,9
2026-09-01,299,1,19
2026-09-02,299,1,12
2026-09-03,299,1,7
2026-09-04,299,1,14
2026-09-05,296,1,17
2026-09-06,296,1,11
2026-09-07,296,1,15
2026-09-08,296,1,12
2026-09-09,296,1,9
2026-09-10,296,1,10
2026-09-11,296,1,4
2026-09-12,296,1,19
2026-09-13,296,1,6
2026-09-14,296,1,11
2026-09-15,291,1,11
2026-09-16,291,1,11
2026-09-17,291,1,8
2026-09-18,291,1,10
2026-09-19,25551,1,15
2026-09-20,25551,1,9
2026-09-21,25551,1,24
2026-09-22,119,1,13
2026-09-23,119,1,11
2026-09-24,119,1,23
2026-09-25,119,1,8
2026-09-26,119,1,9
2026-09-27,119,1,18
2026-09-28,119,1,31
2026-09-29,119,1,14
2026-09-30,119,1,15
2026-10-01,119,1,17
2026-10-02,119,1,21
2026-10-03,119,1,10
2026-10-04,119,1,23
