kind,url,verdict,coverageState,robotsTxtState,indexingState,pageFetchState,lastCrawlTime,crawledAs,googleCanonical,userCanonical,referringUrls,sitemaps,inRepoSitemap,gscImpressions,lastImpressionDate
start,https://goodwatch.app/,PASS,Submitted and indexed,ALLOWED,INDEXING_ALLOWED,SUCCESSFUL,2026-10-04T09:27:32Z,MOBILE,https://goodwatch.app/,https://goodwatch.app/,3,0,True,10333,2026-10-05
title_lost,https://goodwatch.app/movie/66245-arunachalam,NEUTRAL,URL is unknown to Google,ROBOTS_TXT_STATE_UNSPECIFIED,INDEXING_STATE_UNSPECIFIED,PAGE_FETCH_STATE_UNSPECIFIED,,,,,0,0,False,1139,2025-12-12
title_lost,https://goodwatch.app/movie/35200-the-return-of-a-man-called-horse,NEUTRAL,URL is unknown to Google,ROBOTS_TXT_STATE_UNSPECIFIED,INDEXING_STATE_UNSPECIFIED,PAGE_FETCH_STATE_UNSPECIFIED,,,,,0,0,False,395,2025-09-03
title_lost,https://goodwatch.app/movie/238-the-godfather,NEUTRAL,URL is unknown to Google,ROBOTS_TXT_STATE_UNSPECIFIED,INDEXING_STATE_UNSPECIFIED,PAGE_FETCH_STATE_UNSPECIFIED,,,,,0,0,True,98,2025-12-15
title_lost,https://goodwatch.app/movie/1246049-dracula-a-love-tale,NEUTRAL,URL is unknown to Google,ROBOTS_TXT_STATE_UNSPECIFIED,INDEXING_STATE_UNSPECIFIED,PAGE_FETCH_STATE_UNSPECIFIED,,,,,0,0,True,95,2025-12-16
title_lost,https://goodwatch.app/show/1100-how-i-met-your-mother,NEUTRAL,URL is unknown to Google,ROBOTS_TXT_STATE_UNSPECIFIED,INDEXING_STATE_UNSPECIFIED,PAGE_FETCH_STATE_UNSPECIFIED,,,,,0,0,True,72,2025-12-16
title_lost,https://goodwatch.app/movie/39324-dragon-ball-z-the-history-of-trunks,NEUTRAL,URL is unknown to Google,ROBOTS_TXT_STATE_UNSPECIFIED,INDEXING_STATE_UNSPECIFIED,PAGE_FETCH_STATE_UNSPECIFIED,,,,,0,0,False,66,2025-12-15
title_lost,https://goodwatch.app/movie/89708-samsara,NEUTRAL,URL is unknown to Google,ROBOTS_TXT_STATE_UNSPECIFIED,INDEXING_STATE_UNSPECIFIED,PAGE_FETCH_STATE_UNSPECIFIED,,,,,0,0,False,64,2025-12-15
title_lost,https://goodwatch.app/movie/1219608-the-old-bachelor,NEUTRAL,URL is unknown to Google,ROBOTS_TXT_STATE_UNSPECIFIED,INDEXING_STATE_UNSPECIFIED,PAGE_FETCH_STATE_UNSPECIFIED,,,,,0,0,False,56,2025-12-15
title_lost,https://goodwatch.app/movie/1084242-zootopia-2,NEUTRAL,URL is unknown to Google,ROBOTS_TXT_STATE_UNSPECIFIED,INDEXING_STATE_UNSPECIFIED,PAGE_FETCH_STATE_UNSPECIFIED,,,,,0,0,True,53,2025-12-15
title_lost,https://goodwatch.app/movie/83429-evenings-on-a-farm-near-dikanka,NEUTRAL,URL is unknown to Google,ROBOTS_TXT_STATE_UNSPECIFIED,INDEXING_STATE_UNSPECIFIED,PAGE_FETCH_STATE_UNSPECIFIED,,,,,0,0,False,41,2025-12-16
title_sitemap_random,https://goodwatch.app/movie/245891-john-wick,NEUTRAL,URL is unknown to Google,ROBOTS_TXT_STATE_UNSPECIFIED,INDEXING_STATE_UNSPECIFIED,PAGE_FETCH_STATE_UNSPECIFIED,,,,,0,0,True,0,
title_sitemap_random,https://goodwatch.app/movie/12445-harry-potter-and-the-deathly-hallows-part-2,NEUTRAL,URL is unknown to Google,ROBOTS_TXT_STATE_UNSPECIFIED,INDEXING_STATE_UNSPECIFIED,PAGE_FETCH_STATE_UNSPECIFIED,,,,,0,0,True,0,
title_sitemap_random,https://goodwatch.app/movie/90-beverly-hills-cop,NEUTRAL,URL is unknown to Google,ROBOTS_TXT_STATE_UNSPECIFIED,INDEXING_STATE_UNSPECIFIED,PAGE_FETCH_STATE_UNSPECIFIED,,,,,0,0,True,0,
title_sitemap_random,https://goodwatch.app/movie/1368-first-blood,NEUTRAL,URL is unknown to Google,ROBOTS_TXT_STATE_UNSPECIFIED,INDEXING_STATE_UNSPECIFIED,PAGE_FETCH_STATE_UNSPECIFIED,,,,,0,0,True,0,
title_sitemap_random,https://goodwatch.app/movie/131634-the-hunger-games-mockingjay---part-2,NEUTRAL,URL is unknown to Google,ROBOTS_TXT_STATE_UNSPECIFIED,INDEXING_STATE_UNSPECIFIED,PAGE_FETCH_STATE_UNSPECIFIED,,,,,0,0,True,0,
title_sitemap_random,https://goodwatch.app/movie/602-independence-day,NEUTRAL,URL is unknown to Google,ROBOTS_TXT_STATE_UNSPECIFIED,INDEXING_STATE_UNSPECIFIED,PAGE_FETCH_STATE_UNSPECIFIED,,,,,0,0,True,0,
title_sitemap_random,https://goodwatch.app/movie/76338-thor-the-dark-world,NEUTRAL,URL is unknown to Google,ROBOTS_TXT_STATE_UNSPECIFIED,INDEXING_STATE_UNSPECIFIED,PAGE_FETCH_STATE_UNSPECIFIED,,,,,0,0,True,0,
title_sitemap_random,https://goodwatch.app/show/33765-my-little-pony-friendship-is-magic,NEUTRAL,URL is unknown to Google,ROBOTS_TXT_STATE_UNSPECIFIED,INDEXING_STATE_UNSPECIFIED,PAGE_FETCH_STATE_UNSPECIFIED,,,,,0,0,True,0,
title_sitemap_random,https://goodwatch.app/show/207668-the-legend-of-shenli,NEUTRAL,URL is unknown to Google,ROBOTS_TXT_STATE_UNSPECIFIED,INDEXING_STATE_UNSPECIFIED,PAGE_FETCH_STATE_UNSPECIFIED,,,,,0,0,True,0,
title_sitemap_random,https://goodwatch.app/show/61056-how-to-get-away-with-murder,NEUTRAL,URL is unknown to Google,ROBOTS_TXT_STATE_UNSPECIFIED,INDEXING_STATE_UNSPECIFIED,PAGE_FETCH_STATE_UNSPECIFIED,,,,,0,0,True,0,
person,https://goodwatch.app/person/287-brad-pitt,NEUTRAL,URL is unknown to Google,ROBOTS_TXT_STATE_UNSPECIFIED,INDEXING_STATE_UNSPECIFIED,PAGE_FETCH_STATE_UNSPECIFIED,,,,,0,0,False,0,
person,https://goodwatch.app/person/31-tom-hanks,NEUTRAL,URL is unknown to Google,ROBOTS_TXT_STATE_UNSPECIFIED,INDEXING_STATE_UNSPECIFIED,PAGE_FETCH_STATE_UNSPECIFIED,,,,,0,0,False,0,
person,https://goodwatch.app/person/525-christopher-nolan,NEUTRAL,URL is unknown to Google,ROBOTS_TXT_STATE_UNSPECIFIED,INDEXING_STATE_UNSPECIFIED,PAGE_FETCH_STATE_UNSPECIFIED,,,,,0,0,False,0,
person,https://goodwatch.app/person/1245-scarlett-johansson,NEUTRAL,URL is unknown to Google,ROBOTS_TXT_STATE_UNSPECIFIED,INDEXING_STATE_UNSPECIFIED,PAGE_FETCH_STATE_UNSPECIFIED,,,,,0,0,False,0,
person,https://goodwatch.app/person/138-quentin-tarantino,NEUTRAL,URL is unknown to Google,ROBOTS_TXT_STATE_UNSPECIFIED,INDEXING_STATE_UNSPECIFIED,PAGE_FETCH_STATE_UNSPECIFIED,,,,,0,0,False,0,
category,https://goodwatch.app/movies/moods,NEUTRAL,URL is unknown to Google,ROBOTS_TXT_STATE_UNSPECIFIED,INDEXING_STATE_UNSPECIFIED,PAGE_FETCH_STATE_UNSPECIFIED,,,,,0,0,True,0,
category,https://goodwatch.app/movies/moods/scary,NEUTRAL,URL is unknown to Google,ROBOTS_TXT_STATE_UNSPECIFIED,INDEXING_STATE_UNSPECIFIED,PAGE_FETCH_STATE_UNSPECIFIED,,,,,0,0,True,0,
category,https://goodwatch.app/movies/genres/horror,NEUTRAL,URL is unknown to Google,ROBOTS_TXT_STATE_UNSPECIFIED,INDEXING_STATE_UNSPECIFIED,PAGE_FETCH_STATE_UNSPECIFIED,,,,,0,0,True,0,
category,https://goodwatch.app/shows/moods/atmospheric,NEUTRAL,URL is unknown to Google,ROBOTS_TXT_STATE_UNSPECIFIED,INDEXING_STATE_UNSPECIFIED,PAGE_FETCH_STATE_UNSPECIFIED,,,,,0,0,True,0,
category,https://goodwatch.app/shows/genres/documentary,NEUTRAL,URL is unknown to Google,ROBOTS_TXT_STATE_UNSPECIFIED,INDEXING_STATE_UNSPECIFIED,PAGE_FETCH_STATE_UNSPECIFIED,,,,,0,0,True,7,2025-12-15
static,https://goodwatch.app/explorer,NEUTRAL,URL is unknown to Google,ROBOTS_TXT_STATE_UNSPECIFIED,INDEXING_STATE_UNSPECIFIED,PAGE_FETCH_STATE_UNSPECIFIED,,,,,0,0,True,0,
static,https://goodwatch.app/discover,NEUTRAL,URL is unknown to Google,ROBOTS_TXT_STATE_UNSPECIFIED,INDEXING_STATE_UNSPECIFIED,PAGE_FETCH_STATE_UNSPECIFIED,,,,,0,0,True,36,2026-09-14
static,https://goodwatch.app/movies,NEUTRAL,URL is unknown to Google,ROBOTS_TXT_STATE_UNSPECIFIED,INDEXING_STATE_UNSPECIFIED,PAGE_FETCH_STATE_UNSPECIFIED,,,,,0,0,True,41,2026-09-14
static,https://goodwatch.app/shows,NEUTRAL,URL is unknown to Google,ROBOTS_TXT_STATE_UNSPECIFIED,INDEXING_STATE_UNSPECIFIED,PAGE_FETCH_STATE_UNSPECIFIED,,,,,0,0,True,45,2026-09-14
static,https://goodwatch.app/taste,NEUTRAL,URL is unknown to Google,ROBOTS_TXT_STATE_UNSPECIFIED,INDEXING_STATE_UNSPECIFIED,PAGE_FETCH_STATE_UNSPECIFIED,,,,,0,0,False,30,2026-09-14
static,https://goodwatch.app/how-it-works,NEUTRAL,URL is unknown to Google,ROBOTS_TXT_STATE_UNSPECIFIED,INDEXING_STATE_UNSPECIFIED,PAGE_FETCH_STATE_UNSPECIFIED,,,,,0,0,True,10,2025-12-14
static,https://goodwatch.app/about,NEUTRAL,URL is unknown to Google,ROBOTS_TXT_STATE_UNSPECIFIED,INDEXING_STATE_UNSPECIFIED,PAGE_FETCH_STATE_UNSPECIFIED,,,,,0,0,True,15,2025-12-15
old_shape,https://goodwatch.app/explore/movies/moods/scary,NEUTRAL,URL is unknown to Google,ROBOTS_TXT_STATE_UNSPECIFIED,INDEXING_STATE_UNSPECIFIED,PAGE_FETCH_STATE_UNSPECIFIED,,,,,0,0,False,0,
old_shape,https://goodwatch.app/explore/shows/genres/drama,NEUTRAL,URL is unknown to Google,ROBOTS_TXT_STATE_UNSPECIFIED,INDEXING_STATE_UNSPECIFIED,PAGE_FETCH_STATE_UNSPECIFIED,,,,,0,0,False,0,
old_shape,https://goodwatch.app/tv/31252-asi,NEUTRAL,URL is unknown to Google,ROBOTS_TXT_STATE_UNSPECIFIED,INDEXING_STATE_UNSPECIFIED,PAGE_FETCH_STATE_UNSPECIFIED,,,,,0,0,False,393,2025-09-03
old_shape,https://goodwatch.app/tv/136248-tales-of-the-walking-dead?country=PY&tab=streaming,NEUTRAL,URL is unknown to Google,ROBOTS_TXT_STATE_UNSPECIFIED,INDEXING_STATE_UNSPECIFIED,PAGE_FETCH_STATE_UNSPECIFIED,,,,,0,0,False,390,2025-09-02
old_shape,https://goodwatch.app/tv/76121-darling-in-the-franxx,NEUTRAL,URL is unknown to Google,ROBOTS_TXT_STATE_UNSPECIFIED,INDEXING_STATE_UNSPECIFIED,PAGE_FETCH_STATE_UNSPECIFIED,,,,,0,0,False,4,2025-09-07
old_shape,https://goodwatch.app/discover/all?withCast=2440,NEUTRAL,URL is unknown to Google,ROBOTS_TXT_STATE_UNSPECIFIED,INDEXING_STATE_UNSPECIFIED,PAGE_FETCH_STATE_UNSPECIFIED,,,,,0,0,False,19,2026-01-20
old_shape,https://goodwatch.app/discover/show,NEUTRAL,URL is unknown to Google,ROBOTS_TXT_STATE_UNSPECIFIED,INDEXING_STATE_UNSPECIFIED,PAGE_FETCH_STATE_UNSPECIFIED,,,,,0,0,False,8,2025-12-15
old_shape,https://goodwatch.app/sign-in/?redirectTo=%2F,NEUTRAL,URL is unknown to Google,ROBOTS_TXT_STATE_UNSPECIFIED,INDEXING_STATE_UNSPECIFIED,PAGE_FETCH_STATE_UNSPECIFIED,,,,,0,0,False,17,2025-12-15
old_shape,https://www.goodwatch.app/,NEUTRAL,URL is unknown to Google,ROBOTS_TXT_STATE_UNSPECIFIED,INDEXING_STATE_UNSPECIFIED,PAGE_FETCH_STATE_UNSPECIFIED,,,,,0,0,False,1,2026-09-11
old_shape,http://goodwatch.app/,NEUTRAL,URL is unknown to Google,ROBOTS_TXT_STATE_UNSPECIFIED,INDEXING_STATE_UNSPECIFIED,PAGE_FETCH_STATE_UNSPECIFIED,,,,,0,0,False,0,
old_shape,https://goodwatch.app/browser-check,NEUTRAL,URL is unknown to Google,ROBOTS_TXT_STATE_UNSPECIFIED,INDEXING_STATE_UNSPECIFIED,PAGE_FETCH_STATE_UNSPECIFIED,,,,,0,0,False,0,
old_shape,https://goodwatch.app/movies/decades/1990s,NEUTRAL,URL is unknown to Google,ROBOTS_TXT_STATE_UNSPECIFIED,INDEXING_STATE_UNSPECIFIED,PAGE_FETCH_STATE_UNSPECIFIED,,,,,0,0,False,0,
extra,https://goodwatch.app/movies/,NEUTRAL,URL is unknown to Google,ROBOTS_TXT_STATE_UNSPECIFIED,INDEXING_STATE_UNSPECIFIED,PAGE_FETCH_STATE_UNSPECIFIED,,,,,0,0,,,
extra,https://goodwatch.app/taste/,NEUTRAL,URL is unknown to Google,ROBOTS_TXT_STATE_UNSPECIFIED,INDEXING_STATE_UNSPECIFIED,PAGE_FETCH_STATE_UNSPECIFIED,,,,,0,0,,,
extra,https://goodwatch.app/privacy,NEUTRAL,URL is unknown to Google,ROBOTS_TXT_STATE_UNSPECIFIED,INDEXING_STATE_UNSPECIFIED,PAGE_FETCH_STATE_UNSPECIFIED,,,,,0,0,,,
extra,https://goodwatch.app/disclaimer,NEUTRAL,URL is unknown to Google,ROBOTS_TXT_STATE_UNSPECIFIED,INDEXING_STATE_UNSPECIFIED,PAGE_FETCH_STATE_UNSPECIFIED,,,,,0,0,,,
extra,https://goodwatch.app/sign-in,NEUTRAL,URL is unknown to Google,ROBOTS_TXT_STATE_UNSPECIFIED,INDEXING_STATE_UNSPECIFIED,PAGE_FETCH_STATE_UNSPECIFIED,,,,,0,0,,,
extra,https://goodwatch.app/search,NEUTRAL,URL is unknown to Google,ROBOTS_TXT_STATE_UNSPECIFIED,INDEXING_STATE_UNSPECIFIED,PAGE_FETCH_STATE_UNSPECIFIED,,,,,0,0,,,
extra,https://goodwatch.app/sitemaps/sitemap.xml,NEUTRAL,Crawled - currently not indexed,ALLOWED,INDEXING_STATE_UNSPECIFIED,SUCCESSFUL,2026-09-28T21:14:21Z,MOBILE,,,0,0,,,
extra,https://goodwatch.app/robots.txt,NEUTRAL,URL is unknown to Google,ROBOTS_TXT_STATE_UNSPECIFIED,INDEXING_STATE_UNSPECIFIED,PAGE_FETCH_STATE_UNSPECIFIED,,,,,0,0,,,
extra,https://goodwatch.app/movie/238-the-godfather/,NEUTRAL,URL is unknown to Google,ROBOTS_TXT_STATE_UNSPECIFIED,INDEXING_STATE_UNSPECIFIED,PAGE_FETCH_STATE_UNSPECIFIED,,,,,0,0,,,
extra,https://goodwatch.app/tv/1100-how-i-met-your-mother,NEUTRAL,URL is unknown to Google,ROBOTS_TXT_STATE_UNSPECIFIED,INDEXING_STATE_UNSPECIFIED,PAGE_FETCH_STATE_UNSPECIFIED,,,,,0,0,,,
