date,clicks,impressions,ctr,position
2025-06-13,0,7,0,16
2025-06-14,0,12,0,2.67
2025-06-15,2,15,0.1333,2.87
2025-06-16,3,20,0.15,6.85
2025-06-17,0,17,0,20.18
2025-06-18,1,17,0.0588,2.76
2025-06-19,0,21,0,2.52
2025-06-20,2,20,0.1,2.6
2025-06-21,0,18,0,8.61
2025-06-22,0,18,0,6.22
2025-06-23,1,18,0.0556,7.22
2025-06-24,1,12,0.0833,8.67
2025-06-25,1,55,0.0182,1.29
2025-06-26,0,77,0,1.42
2025-06-27,2,97,0.0206,1.13
2025-06-28,1,104,0.0096,1.32
2025-06-29,1,19,0.0526,7.11
2025-06-30,2,99,0.0202,1.51
2025-07-01,1,83,0.012,1.24
2025-07-02,1,83,0.012,1.18
2025-07-03,0,114,0,1.11
2025-07-04,0,97,0,1.12
2025-07-05,0,89,0,2.36
2025-07-06,0,89,0,1.82
2025-07-07,1,79,0.0127,1.25
2025-07-08,3,63,0.0476,1.19
2025-07-09,2,53,0.0377,1.23
2025-07-10,3,41,0.0732,3.59
2025-07-11,1,43,0.0233,1.6
2025-07-12,0,56,0,1.14
2025-07-13,1,57,0.0175,6.37
2025-07-14,0,31,0,1.52
2025-07-15,0,16,0,7.75
2025-07-16,0,31,0,1.71
2025-07-17,1,15,0.0667,1.6
2025-07-18,0,13,0,1.85
2025-07-19,0,22,0,1.68
2025-07-20,0,24,0,3.5
2025-07-21,2,33,0.0606,2.03
2025-07-22,2,24,0.0833,4.29
2025-07-23,1,27,0.037,1.78
2025-07-24,1,26,0.0385,1.38
2025-07-25,1,25,0.04,1.2
2025-07-26,2,26,0.0769,1.27
2025-07-27,5,35,0.1429,1.26
2025-07-28,0,31,0,1.58
2025-07-29,0,12,0,2.17
2025-07-30,0,17,0,1.47
2025-07-31,1,29,0.0345,1.97
2025-08-01,0,18,0,2.78
2025-08-02,1,17,0.0588,3.47
2025-08-03,1,19,0.0526,1.47
2025-08-04,0,17,0,2.76
2025-08-05,0,13,0,2.38
2025-08-06,0,15,0,1.73
2025-08-07,1,22,0.0455,6.23
2025-08-08,1,13,0.0769,1.92
2025-08-09,1,19,0.0526,2.05
2025-08-10,0,20,0,1.9
2025-08-11,0,35,0,2.17
2025-08-12,2,21,0.0952,2
2025-08-13,0,23,0,2.22
2025-08-14,0,13,0,2.23
2025-08-15,0,10,0,2.3
2025-08-16,0,15,0,1.8
2025-08-17,1,22,0.0455,1.59
2025-08-18,1,23,0.0435,2
2025-08-19,1,12,0.0833,1.25
2025-08-20,1,17,0.0588,1.53
2025-08-21,0,13,0,2.31
2025-08-22,2,17,0.1176,1.76
2025-08-23,0,11,0,1.73
2025-08-24,0,15,0,2.53
2025-08-25,1,16,0.0625,1.94
2025-08-26,0,17,0,1.82
2025-08-27,1,24,0.0417,1.71
2025-08-28,0,22,0,5.64
2025-08-29,0,12,0,2.08
2025-08-30,0,16,0,1.56
2025-08-31,0,5,0,16.2
2025-09-01,0,15,0,1.93
2025-09-02,0,5,0,2.2
2025-09-03,1,10,0.1,1.8
2025-09-04,1,15,0.0667,1.87
2025-09-05,2,23,0.087,4.74
2025-09-06,0,12,0,8.33
2025-09-07,0,24,0,3.04
2025-09-08,2,15,0.1333,2
2025-09-09,2,14,0.1429,8.64
2025-09-10,0,19,0,5.11
2025-09-11,0,9,0,12.22
2025-09-12,3,15,0.2,1.87
2025-09-13,2,30,0.0667,2.63
2025-09-14,0,21,0,1.67
2025-09-15,0,13,0,1.92
2025-09-16,1,21,0.0476,2.05
2025-09-17,0,16,0,2.25
2025-09-18,1,12,0.0833,1.67
2025-09-19,1,10,0.1,2.9
2025-09-20,0,8,0,2
2025-09-21,0,11,0,2.36
2025-09-22,1,16,0.0625,1.94
2025-09-23,1,20,0.05,2.15
2025-09-24,0,17,0,2.71
2025-09-25,2,12,0.1667,1.92
2025-09-26,0,11,0,2.36
2025-09-27,0,16,0,2.81
2025-09-28,1,18,0.0556,2.33
2025-09-29,0,17,0,1.88
2025-09-30,1,18,0.0556,1.72
2025-10-01,2,24,0.0833,2.12
2025-10-02,0,8,0,2.25
2025-10-03,0,14,0,2.79
2025-10-04,0,7,0,2.57
2025-10-05,1,15,0.0667,2
2025-10-06,0,23,0,3.09
2025-10-07,0,20,0,1.7
2025-10-08,1,16,0.0625,2.25
2025-10-09,1,23,0.0435,2
2025-10-10,1,13,0.0769,2.15
2025-10-11,1,13,0.0769,2.62
2025-10-12,1,4,0.25,4.75
2025-10-13,0,20,0,5.45
2025-10-14,2,9,0.2222,1.78
2025-10-15,1,13,0.0769,1.69
2025-10-16,0,17,0,2.59
2025-10-17,0,20,0,3.2
2025-10-18,2,10,0.2,1.6
2025-10-19,0,11,0,3.73
2025-10-20,0,19,0,1.95
2025-10-21,1,13,0.0769,2
2025-10-22,0,9,0,4.44
2025-10-23,0,19,0,1.89
2025-10-24,1,13,0.0769,12.77
2025-10-25,4,18,0.2222,1.83
2025-10-26,1,13,0.0769,2.38
2025-10-27,0,11,0,2.36
2025-10-28,0,10,0,2.7
2025-10-29,0,12,0,2.75
2025-10-30,0,12,0,2.92
2025-10-31,1,12,0.0833,2.58
2025-11-01,0,13,0,2.15
2025-11-02,0,11,0,3.91
2025-11-03,0,12,0,3.25
2025-11-04,0,2,0,4
2025-11-05,1,8,0.125,2.5
2025-11-06,0,19,0,2.11
2025-11-07,0,4,0,2.25
2025-11-08,0,4,0,5.75
2025-11-09,1,24,0.0417,3.12
2025-11-10,2,13,0.1538,3.08
2025-11-11,1,11,0.0909,3.27
2025-11-12,0,13,0,2.46
2025-11-13,1,7,0.1429,3.57
2025-11-14,0,8,0,3.38
2025-11-15,1,10,0.1,2.8
2025-11-16,0,16,0,3
2025-11-17,2,15,0.1333,2.67
2025-11-18,1,14,0.0714,3.93
2025-11-19,1,8,0.125,3.38
2025-11-20,2,9,0.2222,2
2025-11-21,3,9,0.3333,1.89
2025-11-22,0,7,0,24.86
2025-11-23,1,11,0.0909,2.27
2025-11-24,0,9,0,1.89
2025-11-25,1,5,0.2,2.6
2025-11-26,0,11,0,2.18
2025-11-27,2,10,0.2,2.8
2025-11-28,0,9,0,3.44
2025-11-29,1,5,0.2,2
2025-11-30,0,11,0,2.55
2025-12-01,1,14,0.0714,2.71
2025-12-02,0,8,0,2.38
2025-12-03,1,13,0.0769,2.77
2025-12-04,1,21,0.0476,10.48
2025-12-05,1,14,0.0714,22.21
2025-12-06,1,29,0.0345,28.52
2025-12-07,0,107,0,37.79
2025-12-08,2,317,0.0063,43.51
2025-12-09,8,608,0.0132,39.45
2025-12-10,4,719,0.0056,35.31
2025-12-11,6,723,0.0083,28.61
2025-12-12,6,552,0.0109,36.25
2025-12-13,7,585,0.012,36.14
2025-12-14,16,550,0.0291,37.17
2025-12-15,16,548,0.0292,36.47
2025-12-16,3,59,0.0508,18.36
2025-12-17,3,21,0.1429,6.81
2025-12-18,0,19,0,5.47
2025-12-19,0,24,0,3.83
2025-12-20,1,27,0.037,9.22
2025-12-21,2,22,0.0909,4.27
2025-12-22,0,19,0,4.42
2025-12-23,0,34,0,6.24
2025-12-24,0,17,0,5
2025-12-25,1,42,0.0238,5.45
2025-12-26,0,14,0,5.21
2025-12-27,2,22,0.0909,5.09
2025-12-28,1,12,0.0833,2.83
2025-12-29,1,19,0.0526,3.11
2025-12-30,1,16,0.0625,5.62
2025-12-31,2,30,0.0667,4.93
2026-01-01,1,45,0.0222,5.82
2026-01-02,0,15,0,2.8
2026-01-03,2,19,0.1053,2.63
2026-01-04,0,10,0,11.2
2026-01-05,2,12,0.1667,3.08
2026-01-06,1,15,0.0667,4.07
2026-01-07,0,10,0,4.3
2026-01-08,1,15,0.0667,5
2026-01-09,1,17,0.0588,3.29
2026-01-10,1,38,0.0263,4.87
2026-01-11,0,23,0,4.57
2026-01-12,1,17,0.0588,3.65
2026-01-13,0,14,0,2.86
2026-01-14,1,16,0.0625,6.19
2026-01-15,0,25,0,3.04
2026-01-16,0,10,0,6.6
2026-01-17,2,16,0.125,7.88
2026-01-18,1,17,0.0588,2.65
2026-01-19,0,13,0,3.23
2026-01-20,2,14,0.1429,3.79
2026-01-21,0,18,0,17.06
2026-01-22,3,12,0.25,3.33
2026-01-23,0,12,0,7
2026-01-24,0,18,0,9.39
2026-01-25,0,6,0,3.5
2026-01-26,0,7,0,8.86
2026-01-27,1,7,0.1429,3.43
2026-01-28,1,7,0.1429,2.71
2026-01-29,1,3,0.3333,4.33
2026-01-30,0,9,0,3
2026-01-31,0,11,0,3.45
2026-02-01,2,13,0.1538,3
2026-02-02,0,13,0,5
2026-02-03,0,10,0,4.7
2026-02-04,0,4,0,10
2026-02-05,0,11,0,4.36
2026-02-06,1,10,0.1,4.3
2026-02-07,0,10,0,3.9
2026-02-08,0,14,0,6.57
2026-02-09,0,17,0,3.65
2026-02-10,2,18,0.1111,4.94
2026-02-11,0,9,0,4.78
2026-02-12,1,15,0.0667,4.07
2026-02-13,0,12,0,11.42
2026-02-14,1,11,0.0909,3.73
2026-02-15,0,0,0,0
2026-02-16,1,10,0.1,4.4
2026-02-17,0,12,0,5.58
2026-02-18,0,1,0,6
2026-02-19,0,3,0,53.33
2026-02-20,0,7,0,3.71
2026-02-21,0,6,0,2.17
2026-02-22,1,5,0.2,2.2
2026-02-23,2,16,0.125,3.5
2026-02-24,1,20,0.05,4.25
2026-02-25,0,10,0,3.5
2026-02-26,0,3,0,6
2026-02-27,0,5,0,19.6
2026-02-28,0,0,0,0
2026-03-01,0,1,0,4
2026-03-02,0,4,0,46.5
2026-03-03,0,0,0,0
2026-03-04,1,9,0.1111,4.78
2026-03-05,1,13,0.0769,18.92
2026-03-06,1,10,0.1,11.5
2026-03-07,0,1,0,1
2026-03-08,2,5,0.4,3.2
2026-03-09,2,8,0.25,12.12
2026-03-10,0,3,0,5
2026-03-11,0,4,0,3.75
2026-03-12,4,14,0.2857,3.86
2026-03-13,0,6,0,2.83
2026-03-14,0,5,0,4
2026-03-15,0,9,0,12.89
2026-03-16,0,8,0,17.38
2026-03-17,3,6,0.5,3.5
2026-03-18,0,8,0,5.25
2026-03-19,1,9,0.1111,6
2026-03-20,2,12,0.1667,3.58
2026-03-21,4,23,0.1739,8.57
2026-03-22,5,15,0.3333,3.87
2026-03-23,3,11,0.2727,2.73
2026-03-24,3,18,0.1667,13.33
2026-03-25,5,29,0.1724,3.1
2026-03-26,6,20,0.3,4.2
2026-03-27,1,12,0.0833,5.08
2026-03-28,1,19,0.0526,6.74
2026-03-29,1,16,0.0625,4.75
2026-03-30,3,19,0.1579,3.16
2026-03-31,0,18,0,3.39
2026-04-01,2,29,0.069,3.62
2026-04-02,2,17,0.1176,3.06
2026-04-03,5,20,0.25,2.65
2026-04-04,4,23,0.1739,3.65
2026-04-05,2,16,0.125,3.69
2026-04-06,7,31,0.2258,3.61
2026-04-07,8,33,0.2424,5.85
2026-04-08,4,18,0.2222,2.67
2026-04-09,7,19,0.3684,5.37
2026-04-10,5,21,0.2381,3.29
2026-04-11,5,23,0.2174,6.22
2026-04-12,7,30,0.2333,3.13
2026-04-13,7,31,0.2258,3.68
2026-04-14,7,26,0.2692,4.65
2026-04-15,3,21,0.1429,2.67
2026-04-16,4,19,0.2105,5.68
2026-04-17,2,20,0.1,3.2
2026-04-18,6,26,0.2308,3.38
2026-04-19,5,14,0.3571,2.71
2026-04-20,5,24,0.2083,2.58
2026-04-21,0,18,0,3.28
2026-04-22,1,25,0.04,2.56
2026-04-23,3,21,0.1429,3.43
2026-04-24,6,22,0.2727,3.36
2026-04-25,2,15,0.1333,3
2026-04-26,9,26,0.3462,3.08
2026-04-27,1,22,0.0455,3.82
2026-04-28,5,25,0.2,3.2
2026-04-29,3,25,0.12,3.72
2026-04-30,5,16,0.3125,3.19
2026-05-01,5,21,0.2381,3.62
2026-05-02,4,31,0.129,4.06
2026-05-03,6,31,0.1935,4.16
2026-05-04,5,22,0.2273,3.45
2026-05-05,1,16,0.0625,3.62
2026-05-06,8,29,0.2759,2.59
2026-05-07,7,35,0.2,3.34
2026-05-08,5,24,0.2083,3.46
2026-05-09,6,27,0.2222,3.15
2026-05-10,8,43,0.186,2.74
2026-05-11,7,38,0.1842,2.71
2026-05-12,4,30,0.1333,3.5
2026-05-13,6,33,0.1818,2.73
2026-05-14,4,32,0.125,4.09
2026-05-15,7,37,0.1892,3.65
2026-05-16,5,30,0.1667,11.77
2026-05-17,8,30,0.2667,2.5
2026-05-18,9,44,0.2045,4.34
2026-05-19,4,32,0.125,7.72
2026-05-20,7,46,0.1522,3.48
2026-05-21,3,29,0.1034,2.66
2026-05-22,5,34,0.1471,2.82
2026-05-23,6,39,0.1538,3.03
2026-05-24,3,17,0.1765,2.41
2026-05-25,2,26,0.0769,2.19
2026-05-26,2,14,0.1429,3.29
2026-05-27,5,22,0.2273,6.18
2026-05-28,2,17,0.1176,3.71
2026-05-29,5,24,0.2083,6.75
2026-05-30,2,20,0.1,22.25
2026-05-31,3,21,0.1429,10.38
2026-06-01,1,11,0.0909,2.91
2026-06-02,1,10,0.1,3.2
2026-06-03,2,16,0.125,15.06
2026-06-04,1,15,0.0667,7.33
2026-06-05,1,7,0.1429,9
2026-06-06,1,9,0.1111,3.78
2026-06-07,0,19,0,11.68
2026-06-08,1,17,0.0588,3.94
2026-06-09,1,19,0.0526,5.79
2026-06-10,1,15,0.0667,6.87
2026-06-11,0,17,0,6.18
2026-06-12,0,9,0,4.44
2026-06-13,1,6,0.1667,25.5
2026-06-14,1,17,0.0588,14.53
2026-06-15,0,6,0,4.17
2026-06-16,1,9,0.1111,11.56
2026-06-17,1,9,0.1111,3.67
2026-06-18,1,11,0.0909,3.82
2026-06-19,1,19,0.0526,6
2026-06-20,0,10,0,18.1
2026-06-21,1,11,0.0909,19.55
2026-06-22,2,9,0.2222,3.11
2026-06-23,1,14,0.0714,3
2026-06-24,3,22,0.1364,4.86
2026-06-25,1,10,0.1,3.4
2026-06-26,1,16,0.0625,4.5
2026-06-27,1,7,0.1429,3.14
2026-06-28,0,12,0,13.83
2026-06-29,0,10,0,9.5
2026-06-30,1,17,0.0588,10.94
2026-07-01,4,15,0.2667,4.07
2026-07-02,3,28,0.1071,6.46
2026-07-03,3,17,0.1765,3.35
2026-07-04,2,17,0.1176,3.35
2026-07-05,6,23,0.2609,3.17
2026-07-06,4,25,0.16,3.6
2026-07-07,3,22,0.1364,6.18
2026-07-08,0,19,0,4.26
2026-07-09,5,20,0.25,6.1
2026-07-10,2,19,0.1053,4.16
2026-07-11,0,26,0,12
2026-07-12,3,41,0.0732,8.51
2026-07-13,5,40,0.125,5.83
2026-07-14,2,41,0.0488,6.32
2026-07-15,9,55,0.1636,5.15
2026-07-16,5,55,0.0909,4.69
2026-07-17,6,52,0.1154,8.67
2026-07-18,9,70,0.1286,6.34
2026-07-19,14,67,0.209,3.75
2026-07-20,3,74,0.0405,4.59
2026-07-21,7,92,0.0761,5.32
2026-07-22,9,85,0.1059,4.29
2026-07-23,6,68,0.0882,4.35
2026-07-24,5,66,0.0758,4.5
2026-07-25,4,98,0.0408,7
2026-07-26,9,106,0.0849,5.31
2026-07-27,4,76,0.0526,4.05
2026-07-28,7,72,0.0972,4.76
2026-07-29,4,73,0.0548,5.19
2026-07-30,6,75,0.08,5.4
2026-07-31,9,112,0.0804,6.08
2026-08-01,2,118,0.0169,6.86
2026-08-02,2,101,0.0198,5.3
2026-08-03,2,112,0.0179,6.95
2026-08-04,3,79,0.038,4.59
2026-08-05,3,65,0.0462,5.6
2026-08-06,1,47,0.0213,4.49
2026-08-07,0,41,0,5.32
2026-08-08,1,21,0.0476,12.62
2026-08-09,0,45,0,5.38
2026-08-10,1,33,0.0303,9.97
2026-08-11,0,33,0,6
2026-08-12,3,37,0.0811,7.14
2026-08-13,1,48,0.0208,8.81
2026-08-14,1,23,0.0435,6.61
2026-08-15,1,42,0.0238,16.12
2026-08-16,3,38,0.0789,7.55
2026-08-17,0,29,0,9.83
2026-08-18,1,22,0.0455,7.55
2026-08-19,0,25,0,8.88
2026-08-20,0,7,0,16.71
2026-08-21,0,9,0,10.67
2026-08-22,0,16,0,26.19
2026-08-23,0,16,0,25.88
2026-08-24,0,6,0,14.33
2026-08-25,0,13,0,23.31
2026-08-26,0,4,0,33.5
2026-08-27,0,18,0,7.06
2026-08-28,0,5,0,6
2026-08-29,0,16,0,24.69
2026-08-30,1,12,0.0833,11.83
2026-08-31,0,9,0,19.33
2026-09-01,1,19,0.0526,7.37
2026-09-02,1,12,0.0833,5.33
2026-09-03,0,7,0,5.86
2026-09-04,0,14,0,9
2026-09-05,1,17,0.0588,12.41
2026-09-06,0,11,0,7.27
2026-09-07,0,15,0,11.47
2026-09-08,2,12,0.1667,10.58
2026-09-09,1,9,0.1111,11.22
2026-09-10,0,10,0,8.2
2026-09-11,0,4,0,4.75
2026-09-12,2,19,0.1053,6.89
2026-09-13,0,6,0,10.33
2026-09-14,0,11,0,13.09
2026-09-15,0,11,0,21.27
2026-09-16,1,11,0.0909,10.45
2026-09-17,0,8,0,3.88
2026-09-18,0,10,0,5.1
2026-09-19,0,15,0,12.27
2026-09-20,1,9,0.1111,15.22
2026-09-21,2,24,0.0833,8.25
2026-09-22,1,13,0.0769,7.23
2026-09-23,2,11,0.1818,7.36
2026-09-24,0,23,0,3.09
2026-09-25,0,8,0,16.62
2026-09-26,1,9,0.1111,12.33
2026-09-27,1,18,0.0556,10.28
2026-09-28,0,31,0,5.74
2026-09-29,0,14,0,10.21
2026-09-30,1,15,0.0667,7.6
2026-10-01,0,17,0,5.12
2026-10-02,4,21,0.1905,5.81
2026-10-03,0,10,0,10.9
2026-10-04,0,23,0,17.13
2026-10-05,1,7,0.1429,13.29
