kind,url
start,https://goodwatch.app/
hub,https://goodwatch.app/movies
hub,https://goodwatch.app/shows
hub,https://goodwatch.app/discover
hub,https://goodwatch.app/explorer
hub,https://goodwatch.app/movies/moods
hub,https://goodwatch.app/shows/genres
category,https://goodwatch.app/movies/moods/scary
category,https://goodwatch.app/movies/moods/feel-good
category,https://goodwatch.app/movies/genres/horror
category,https://goodwatch.app/movies/genres/comedy
category,https://goodwatch.app/shows/moods/atmospheric
category,https://goodwatch.app/shows/moods/funny
category,https://goodwatch.app/shows/genres/documentary
category,https://goodwatch.app/shows/genres/drama
title,https://goodwatch.app/movie/238-the-godfather
title,https://goodwatch.app/movie/1084242-zootopia-2
title,https://goodwatch.app/movie/245891-john-wick
title,https://goodwatch.app/movie/12445-harry-potter-and-the-deathly-hallows-part-2
title,https://goodwatch.app/movie/90-beverly-hills-cop
title,https://goodwatch.app/movie/1368-first-blood
title,https://goodwatch.app/movie/131634-the-hunger-games-mockingjay---part-2
title,https://goodwatch.app/movie/602-independence-day
title,https://goodwatch.app/movie/76338-thor-the-dark-world
title,https://goodwatch.app/movie/969681-spider-man-brand-new-day
title,https://goodwatch.app/movie/936075-michael
title,https://goodwatch.app/movie/863-toy-story-2
title,https://goodwatch.app/movie/1439930-the-punisher-one-last-kill
title,https://goodwatch.app/movie/85-raiders-of-the-lost-ark
title,https://goodwatch.app/movie/1159831-the-bride
title,https://goodwatch.app/movie/336843-maze-runner-the-death-cure
title,https://goodwatch.app/movie/137113-edge-of-tomorrow
title,https://goodwatch.app/show/1100-how-i-met-your-mother
title,https://goodwatch.app/show/33765-my-little-pony-friendship-is-magic
title,https://goodwatch.app/show/108978-reacher
title,https://goodwatch.app/show/44006-chicago-fire
title,https://goodwatch.app/show/94997-house-of-the-dragon
title,https://goodwatch.app/show/25406-jason-and-the-argonauts
title,https://goodwatch.app/show/314-star-trek-enterprise
title,https://goodwatch.app/show/4482-bewitched
person,https://goodwatch.app/person/287-brad-pitt
person,https://goodwatch.app/person/31-tom-hanks
person,https://goodwatch.app/person/525-christopher-nolan
person,https://goodwatch.app/person/1245-scarlett-johansson
person,https://goodwatch.app/person/138-quentin-tarantino
old_shape,https://goodwatch.app/explore/movies/moods/scary
old_shape,https://goodwatch.app/tv/31252-asi
old_shape,https://goodwatch.app/discover/all?withCast=2440
old_shape,http://goodwatch.app/
old_shape,https://www.goodwatch.app/
