run_date,kind,url,verdict,coverageState,indexingState,pageFetchState,robotsTxtState,lastCrawlTime,googleCanonical,userCanonical
2026-10-10,start,https://goodwatch.app/,PASS,Submitted and indexed,INDEXING_ALLOWED,SUCCESSFUL,ALLOWED,2026-10-08T12:22:51Z,https://goodwatch.app/,https://goodwatch.app/
2026-10-10,hub,https://goodwatch.app/movies,NEUTRAL,URL is unknown to Google,INDEXING_STATE_UNSPECIFIED,PAGE_FETCH_STATE_UNSPECIFIED,ROBOTS_TXT_STATE_UNSPECIFIED,,,
2026-10-10,hub,https://goodwatch.app/shows,NEUTRAL,URL is unknown to Google,INDEXING_STATE_UNSPECIFIED,PAGE_FETCH_STATE_UNSPECIFIED,ROBOTS_TXT_STATE_UNSPECIFIED,,,
2026-10-10,hub,https://goodwatch.app/discover,NEUTRAL,URL is unknown to Google,INDEXING_STATE_UNSPECIFIED,PAGE_FETCH_STATE_UNSPECIFIED,ROBOTS_TXT_STATE_UNSPECIFIED,,,
2026-10-10,hub,https://goodwatch.app/explorer,NEUTRAL,URL is unknown to Google,INDEXING_STATE_UNSPECIFIED,PAGE_FETCH_STATE_UNSPECIFIED,ROBOTS_TXT_STATE_UNSPECIFIED,,,
2026-10-10,hub,https://goodwatch.app/movies/moods,NEUTRAL,URL is unknown to Google,INDEXING_STATE_UNSPECIFIED,PAGE_FETCH_STATE_UNSPECIFIED,ROBOTS_TXT_STATE_UNSPECIFIED,,,
2026-10-10,hub,https://goodwatch.app/shows/genres,NEUTRAL,URL is unknown to Google,INDEXING_STATE_UNSPECIFIED,PAGE_FETCH_STATE_UNSPECIFIED,ROBOTS_TXT_STATE_UNSPECIFIED,,,
2026-10-10,category,https://goodwatch.app/movies/moods/scary,NEUTRAL,URL is unknown to Google,INDEXING_STATE_UNSPECIFIED,PAGE_FETCH_STATE_UNSPECIFIED,ROBOTS_TXT_STATE_UNSPECIFIED,,,
2026-10-10,category,https://goodwatch.app/movies/moods/feel-good,NEUTRAL,URL is unknown to Google,INDEXING_STATE_UNSPECIFIED,PAGE_FETCH_STATE_UNSPECIFIED,ROBOTS_TXT_STATE_UNSPECIFIED,,,
2026-10-10,category,https://goodwatch.app/movies/genres/horror,NEUTRAL,URL is unknown to Google,INDEXING_STATE_UNSPECIFIED,PAGE_FETCH_STATE_UNSPECIFIED,ROBOTS_TXT_STATE_UNSPECIFIED,,,
2026-10-10,category,https://goodwatch.app/movies/genres/comedy,NEUTRAL,URL is unknown to Google,INDEXING_STATE_UNSPECIFIED,PAGE_FETCH_STATE_UNSPECIFIED,ROBOTS_TXT_STATE_UNSPECIFIED,,,
2026-10-10,category,https://goodwatch.app/shows/moods/atmospheric,NEUTRAL,URL is unknown to Google,INDEXING_STATE_UNSPECIFIED,PAGE_FETCH_STATE_UNSPECIFIED,ROBOTS_TXT_STATE_UNSPECIFIED,,,
2026-10-10,category,https://goodwatch.app/shows/moods/funny,NEUTRAL,URL is unknown to Google,INDEXING_STATE_UNSPECIFIED,PAGE_FETCH_STATE_UNSPECIFIED,ROBOTS_TXT_STATE_UNSPECIFIED,,,
2026-10-10,category,https://goodwatch.app/shows/genres/documentary,NEUTRAL,URL is unknown to Google,INDEXING_STATE_UNSPECIFIED,PAGE_FETCH_STATE_UNSPECIFIED,ROBOTS_TXT_STATE_UNSPECIFIED,,,
2026-10-10,category,https://goodwatch.app/shows/genres/drama,NEUTRAL,URL is unknown to Google,INDEXING_STATE_UNSPECIFIED,PAGE_FETCH_STATE_UNSPECIFIED,ROBOTS_TXT_STATE_UNSPECIFIED,,,
2026-10-10,title,https://goodwatch.app/movie/238-the-godfather,NEUTRAL,URL is unknown to Google,INDEXING_STATE_UNSPECIFIED,PAGE_FETCH_STATE_UNSPECIFIED,ROBOTS_TXT_STATE_UNSPECIFIED,,,
2026-10-10,title,https://goodwatch.app/movie/1084242-zootopia-2,NEUTRAL,URL is unknown to Google,INDEXING_STATE_UNSPECIFIED,PAGE_FETCH_STATE_UNSPECIFIED,ROBOTS_TXT_STATE_UNSPECIFIED,,,
2026-10-10,title,https://goodwatch.app/movie/245891-john-wick,NEUTRAL,URL is unknown to Google,INDEXING_STATE_UNSPECIFIED,PAGE_FETCH_STATE_UNSPECIFIED,ROBOTS_TXT_STATE_UNSPECIFIED,,,
2026-10-10,title,https://goodwatch.app/movie/12445-harry-potter-and-the-deathly-hallows-part-2,NEUTRAL,URL is unknown to Google,INDEXING_STATE_UNSPECIFIED,PAGE_FETCH_STATE_UNSPECIFIED,ROBOTS_TXT_STATE_UNSPECIFIED,,,
2026-10-10,title,https://goodwatch.app/movie/90-beverly-hills-cop,NEUTRAL,URL is unknown to Google,INDEXING_STATE_UNSPECIFIED,PAGE_FETCH_STATE_UNSPECIFIED,ROBOTS_TXT_STATE_UNSPECIFIED,,,
2026-10-10,title,https://goodwatch.app/movie/1368-first-blood,NEUTRAL,URL is unknown to Google,INDEXING_STATE_UNSPECIFIED,PAGE_FETCH_STATE_UNSPECIFIED,ROBOTS_TXT_STATE_UNSPECIFIED,,,
2026-10-10,title,https://goodwatch.app/movie/131634-the-hunger-games-mockingjay---part-2,NEUTRAL,URL is unknown to Google,INDEXING_STATE_UNSPECIFIED,PAGE_FETCH_STATE_UNSPECIFIED,ROBOTS_TXT_STATE_UNSPECIFIED,,,
2026-10-10,title,https://goodwatch.app/movie/602-independence-day,NEUTRAL,URL is unknown to Google,INDEXING_STATE_UNSPECIFIED,PAGE_FETCH_STATE_UNSPECIFIED,ROBOTS_TXT_STATE_UNSPECIFIED,,,
2026-10-10,title,https://goodwatch.app/movie/76338-thor-the-dark-world,NEUTRAL,URL is unknown to Google,INDEXING_STATE_UNSPECIFIED,PAGE_FETCH_STATE_UNSPECIFIED,ROBOTS_TXT_STATE_UNSPECIFIED,,,
2026-10-10,title,https://goodwatch.app/movie/969681-spider-man-brand-new-day,NEUTRAL,URL is unknown to Google,INDEXING_STATE_UNSPECIFIED,PAGE_FETCH_STATE_UNSPECIFIED,ROBOTS_TXT_STATE_UNSPECIFIED,,,
2026-10-10,title,https://goodwatch.app/movie/936075-michael,NEUTRAL,URL is unknown to Google,INDEXING_STATE_UNSPECIFIED,PAGE_FETCH_STATE_UNSPECIFIED,ROBOTS_TXT_STATE_UNSPECIFIED,,,
2026-10-10,title,https://goodwatch.app/movie/863-toy-story-2,NEUTRAL,URL is unknown to Google,INDEXING_STATE_UNSPECIFIED,PAGE_FETCH_STATE_UNSPECIFIED,ROBOTS_TXT_STATE_UNSPECIFIED,,,
2026-10-10,title,https://goodwatch.app/movie/1439930-the-punisher-one-last-kill,NEUTRAL,URL is unknown to Google,INDEXING_STATE_UNSPECIFIED,PAGE_FETCH_STATE_UNSPECIFIED,ROBOTS_TXT_STATE_UNSPECIFIED,,,
2026-10-10,title,https://goodwatch.app/movie/85-raiders-of-the-lost-ark,NEUTRAL,URL is unknown to Google,INDEXING_STATE_UNSPECIFIED,PAGE_FETCH_STATE_UNSPECIFIED,ROBOTS_TXT_STATE_UNSPECIFIED,,,
2026-10-10,title,https://goodwatch.app/movie/1159831-the-bride,NEUTRAL,URL is unknown to Google,INDEXING_STATE_UNSPECIFIED,PAGE_FETCH_STATE_UNSPECIFIED,ROBOTS_TXT_STATE_UNSPECIFIED,,,
2026-10-10,title,https://goodwatch.app/movie/336843-maze-runner-the-death-cure,NEUTRAL,URL is unknown to Google,INDEXING_STATE_UNSPECIFIED,PAGE_FETCH_STATE_UNSPECIFIED,ROBOTS_TXT_STATE_UNSPECIFIED,,,
2026-10-10,title,https://goodwatch.app/movie/137113-edge-of-tomorrow,NEUTRAL,URL is unknown to Google,INDEXING_STATE_UNSPECIFIED,PAGE_FETCH_STATE_UNSPECIFIED,ROBOTS_TXT_STATE_UNSPECIFIED,,,
2026-10-10,title,https://goodwatch.app/show/1100-how-i-met-your-mother,NEUTRAL,URL is unknown to Google,INDEXING_STATE_UNSPECIFIED,PAGE_FETCH_STATE_UNSPECIFIED,ROBOTS_TXT_STATE_UNSPECIFIED,,,
2026-10-10,title,https://goodwatch.app/show/33765-my-little-pony-friendship-is-magic,NEUTRAL,URL is unknown to Google,INDEXING_STATE_UNSPECIFIED,PAGE_FETCH_STATE_UNSPECIFIED,ROBOTS_TXT_STATE_UNSPECIFIED,,,
2026-10-10,title,https://goodwatch.app/show/108978-reacher,NEUTRAL,URL is unknown to Google,INDEXING_STATE_UNSPECIFIED,PAGE_FETCH_STATE_UNSPECIFIED,ROBOTS_TXT_STATE_UNSPECIFIED,,,
2026-10-10,title,https://goodwatch.app/show/44006-chicago-fire,NEUTRAL,URL is unknown to Google,INDEXING_STATE_UNSPECIFIED,PAGE_FETCH_STATE_UNSPECIFIED,ROBOTS_TXT_STATE_UNSPECIFIED,,,
2026-10-10,title,https://goodwatch.app/show/94997-house-of-the-dragon,NEUTRAL,URL is unknown to Google,INDEXING_STATE_UNSPECIFIED,PAGE_FETCH_STATE_UNSPECIFIED,ROBOTS_TXT_STATE_UNSPECIFIED,,,
2026-10-10,title,https://goodwatch.app/show/25406-jason-and-the-argonauts,NEUTRAL,URL is unknown to Google,INDEXING_STATE_UNSPECIFIED,PAGE_FETCH_STATE_UNSPECIFIED,ROBOTS_TXT_STATE_UNSPECIFIED,,,
2026-10-10,title,https://goodwatch.app/show/314-star-trek-enterprise,NEUTRAL,URL is unknown to Google,INDEXING_STATE_UNSPECIFIED,PAGE_FETCH_STATE_UNSPECIFIED,ROBOTS_TXT_STATE_UNSPECIFIED,,,
2026-10-10,title,https://goodwatch.app/show/4482-bewitched,NEUTRAL,URL is unknown to Google,INDEXING_STATE_UNSPECIFIED,PAGE_FETCH_STATE_UNSPECIFIED,ROBOTS_TXT_STATE_UNSPECIFIED,,,
2026-10-10,person,https://goodwatch.app/person/287-brad-pitt,NEUTRAL,URL is unknown to Google,INDEXING_STATE_UNSPECIFIED,PAGE_FETCH_STATE_UNSPECIFIED,ROBOTS_TXT_STATE_UNSPECIFIED,,,
2026-10-10,person,https://goodwatch.app/person/31-tom-hanks,NEUTRAL,URL is unknown to Google,INDEXING_STATE_UNSPECIFIED,PAGE_FETCH_STATE_UNSPECIFIED,ROBOTS_TXT_STATE_UNSPECIFIED,,,
2026-10-10,person,https://goodwatch.app/person/525-christopher-nolan,NEUTRAL,URL is unknown to Google,INDEXING_STATE_UNSPECIFIED,PAGE_FETCH_STATE_UNSPECIFIED,ROBOTS_TXT_STATE_UNSPECIFIED,,,
2026-10-10,person,https://goodwatch.app/person/1245-scarlett-johansson,NEUTRAL,URL is unknown to Google,INDEXING_STATE_UNSPECIFIED,PAGE_FETCH_STATE_UNSPECIFIED,ROBOTS_TXT_STATE_UNSPECIFIED,,,
2026-10-10,person,https://goodwatch.app/person/138-quentin-tarantino,NEUTRAL,URL is unknown to Google,INDEXING_STATE_UNSPECIFIED,PAGE_FETCH_STATE_UNSPECIFIED,ROBOTS_TXT_STATE_UNSPECIFIED,,,
2026-10-10,old_shape,https://goodwatch.app/explore/movies/moods/scary,NEUTRAL,URL is unknown to Google,INDEXING_STATE_UNSPECIFIED,PAGE_FETCH_STATE_UNSPECIFIED,ROBOTS_TXT_STATE_UNSPECIFIED,,,
2026-10-10,old_shape,https://goodwatch.app/tv/31252-asi,NEUTRAL,URL is unknown to Google,INDEXING_STATE_UNSPECIFIED,PAGE_FETCH_STATE_UNSPECIFIED,ROBOTS_TXT_STATE_UNSPECIFIED,,,
2026-10-10,old_shape,https://goodwatch.app/discover/all?withCast=2440,NEUTRAL,URL is unknown to Google,INDEXING_STATE_UNSPECIFIED,PAGE_FETCH_STATE_UNSPECIFIED,ROBOTS_TXT_STATE_UNSPECIFIED,,,
2026-10-10,old_shape,http://goodwatch.app/,NEUTRAL,URL is unknown to Google,INDEXING_STATE_UNSPECIFIED,PAGE_FETCH_STATE_UNSPECIFIED,ROBOTS_TXT_STATE_UNSPECIFIED,,,
2026-10-10,old_shape,https://www.goodwatch.app/,NEUTRAL,URL is unknown to Google,INDEXING_STATE_UNSPECIFIED,PAGE_FETCH_STATE_UNSPECIFIED,ROBOTS_TXT_STATE_UNSPECIFIED,,,
