week,sessions,pageviews,identities,interacting_sessions,interacting_identities
2026-03-02,8,9,5,4,3
2026-03-09,9,17,9,6,6
2026-03-16,20,21,19,7,7
2026-03-23,25,53,23,11,11
2026-03-30,19,20,19,5,5
2026-04-06,42,52,40,17,17
2026-04-13,40,44,40,9,9
2026-04-20,28,33,28,15,15
2026-04-27,37,52,36,21,21
2026-05-04,38,50,37,20,20
2026-05-11,49,66,46,15,15
2026-05-18,39,50,37,13,13
2026-05-25,39,52,38,19,18
2026-06-01,8,11,8,4,4
2026-06-08,9,10,9,5,5
2026-06-15,9,15,8,5,5
2026-06-22,18,22,15,6,6
2026-06-29,24,32,20,12,10
2026-07-06,49,58,46,13,10
2026-07-13,88,111,87,30,30
2026-07-20,86,104,84,30,30
2026-07-27,69,89,67,31,31
2026-08-03,40,48,39,20,19
2026-08-10,18,21,17,8,8
2026-08-17,10,13,10,3,3
2026-08-24,24,30,22,11,11
2026-08-31,27,30,27,12,12
2026-09-07,31,41,31,13,13
2026-09-14,20,22,19,6,5
2026-09-21,27,27,27,7,7
2026-09-28,37,42,35,14,13
2026-10-05,22,38,21,4,4

