month,country,device,sessions,total_pageviews,identities,interacting_sessions,interacting_identities,home_sessions,multi_page_sessions
2026-03-01,US,Mobile,30,35,28,13,13,28,4
2026-03-01,US,Desktop,6,6,6,0,0,1,0
2026-03-01,FR,Mobile,4,5,1,2,1,2,1
2026-03-01,NL,Desktop,2,2,2,2,2,2,0
2026-03-01,FR,Tablet,2,2,1,1,1,1,0
2026-03-01,DE,Mobile,2,8,1,1,1,1,2
2026-03-01,US,Tablet,1,1,1,0,0,1,0
2026-03-01,MM,Mobile,1,1,1,0,0,1,0
2026-03-01,MQ,Tablet,1,1,1,0,0,0,0
2026-03-01,FR,Desktop,1,1,1,0,0,1,0
2026-03-01,ES,Mobile,1,1,1,0,0,1,0
2026-03-01,HU,Desktop,1,1,1,1,1,1,0
2026-03-01,UY,Mobile,1,6,1,1,1,1,1
2026-03-01,AU,Desktop,1,2,1,1,1,1,1
2026-03-01,CZ,Mobile,1,2,1,1,1,1,1
2026-03-01,IN,Mobile,1,4,1,1,1,1,1
2026-03-01,PR,Mobile,1,1,1,0,0,1,0
2026-04-01,US,Mobile,95,113,91,32,31,93,16
2026-04-01,US,Desktop,13,14,13,6,6,10,1
2026-04-01,IN,Mobile,5,8,5,5,5,5,1
2026-04-01,GB,Desktop,4,4,4,2,2,2,0
2026-04-01,IN,Desktop,4,5,4,2,2,3,1
2026-04-01,US,Tablet,2,3,2,2,2,2,1
2026-04-01,PL,Mobile,1,2,1,1,1,1,1
2026-04-01,FR,Mobile,1,1,1,1,1,1,0
2026-04-01,CA,Desktop,1,1,1,0,0,0,0
2026-04-01,TR,Desktop,1,1,1,0,0,1,0
2026-04-01,LT,Mobile,1,1,1,0,0,1,0
2026-04-01,DK,Mobile,1,1,1,0,0,1,0
2026-04-01,IT,Desktop,1,2,1,1,1,1,1
2026-04-01,AU,Mobile,1,1,1,1,1,1,0
2026-04-01,DE,Desktop,1,1,1,1,1,1,0
2026-04-01,NL,Mobile,1,1,1,1,1,1,0
2026-04-01,EG,Desktop,1,2,1,1,1,1,1
2026-04-01,MY,Mobile,1,1,1,1,1,1,0
2026-05-01,US,Mobile,115,148,106,38,37,110,24
2026-05-01,US,Desktop,15,24,14,8,8,13,7
2026-05-01,US,Tablet,7,9,7,3,3,7,1
2026-05-01,IN,Desktop,5,11,4,5,4,5,1
2026-05-01,IN,Mobile,5,7,5,4,4,5,1
2026-05-01,GB,Mobile,2,5,2,2,2,2,1
2026-05-01,PT,Desktop,2,4,2,2,2,2,1
2026-05-01,ES,Desktop,2,2,2,0,0,2,0
2026-05-01,IT,Desktop,1,1,1,0,0,1,0
2026-05-01,PT,Mobile,1,2,1,1,1,1,1
2026-05-01,RO,Desktop,1,1,1,1,1,1,0
2026-05-01,SV,Mobile,1,1,1,0,0,1,0
2026-05-01,PK,Mobile,1,1,1,1,1,1,0
2026-05-01,BD,Desktop,1,1,1,0,0,1,0
2026-05-01,CA,Desktop,1,1,1,1,1,1,0
2026-05-01,DE,Mobile,1,1,1,0,0,1,0
2026-05-01,TR,Desktop,1,1,1,1,1,1,0
2026-05-01,FI,Mobile,1,1,1,1,1,1,0
2026-05-01,HU,Desktop,1,2,1,1,1,1,1
2026-05-01,LB,Desktop,1,3,1,1,1,1,1
2026-06-01,US,Mobile,10,10,10,2,2,10,0
2026-06-01,IT,Mobile,5,6,2,2,2,2,1
2026-06-01,US,Desktop,4,4,4,1,1,4,0
2026-06-01,US,Tablet,2,6,2,2,2,2,2
2026-06-01,IN,Desktop,2,2,2,1,1,2,0
2026-06-01,TH,Mobile,1,2,1,1,1,1,1
2026-06-01,IN,Mobile,1,2,1,1,1,1,1
2026-06-01,IL,Desktop,1,1,1,1,1,1,0
2026-06-01,AU,Mobile,1,3,1,1,1,1,1
2026-06-01,TN,Desktop,1,1,1,0,0,1,0
2026-06-01,ES,Desktop,1,1,1,1,1,1,0
2026-06-01,SE,Desktop,1,1,1,1,1,1,0
2026-06-01,AU,Desktop,1,1,1,1,1,1,0
2026-06-01,MD,Mobile,1,1,1,1,1,1,0
2026-06-01,IE,Desktop,1,1,1,0,0,1,0
2026-06-01,PT,Desktop,1,1,1,1,1,1,0
2026-07-01,US,Mobile,113,146,105,48,48,110,24
2026-07-01,US,Desktop,42,45,42,4,4,41,3
2026-07-01,IN,Desktop,6,14,1,6,1,4,3
2026-07-01,GB,Desktop,4,4,4,1,1,4,0
2026-07-01,IN,Mobile,3,6,3,3,3,3,1
2026-07-01,DE,Desktop,3,4,2,2,1,3,1
2026-07-01,HR,Desktop,2,2,2,0,0,2,0
2026-07-01,US,Tablet,2,3,2,2,2,2,1
2026-07-01,IT,Mobile,1,1,1,0,0,0,0
2026-07-01,FR,Tablet,1,2,1,1,1,1,1
2026-07-01,GE,Desktop,1,1,1,0,0,1,0
2026-07-01,NL,Mobile,1,1,1,1,1,1,0
2026-07-01,BD,Tablet,1,1,1,1,1,1,0
2026-07-01,BD,Desktop,1,1,1,0,0,1,0
2026-07-01,GB,Mobile,1,1,1,0,0,1,0
2026-07-01,TR,Desktop,1,1,1,0,0,1,0
2026-07-01,IT,Desktop,1,1,1,1,1,1,0
2026-07-01,AR,Desktop,1,1,1,1,1,1,0
2026-07-01,SG,Desktop,1,1,1,0,0,1,0
2026-07-01,FR,Mobile,1,1,1,0,0,1,0
2026-07-01,ES,Desktop,1,1,1,0,0,1,0
2026-07-01,DK,Desktop,1,1,1,0,0,1,0
2026-08-01,US,Mobile,22,25,21,12,11,21,3
2026-08-01,US,Desktop,3,3,3,0,0,2,0
2026-08-01,US,Tablet,1,1,1,1,1,1,0
2026-08-01,NP,Desktop,1,1,1,0,0,1,0
2026-08-01,IT,Desktop,1,4,1,1,1,1,1
2026-08-01,AM,Desktop,1,1,1,0,0,1,0
2026-08-01,IN,Mobile,1,1,1,1,1,1,0
2026-09-01,US,Desktop,17,17,17,2,2,8,0
2026-09-01,US,Mobile,6,6,6,2,2,6,0
2026-09-01,PL,Desktop,2,2,2,0,0,0,0
2026-09-01,MX,Desktop,2,2,2,0,0,1,0
2026-09-01,SG,Desktop,1,1,1,0,0,0,0
2026-09-01,IT,Mobile,1,4,1,1,1,1,1
2026-09-01,ZA,Desktop,1,1,1,0,0,0,0
2026-09-01,IN,Mobile,1,1,1,0,0,1,0
2026-09-01,AR,Mobile,1,2,1,1,1,1,1
2026-09-01,CA,Desktop,1,1,1,0,0,0,0
2026-09-01,PH,Mobile,1,2,1,1,1,1,1
2026-09-01,ES,Desktop,1,1,1,0,0,0,0
2026-09-01,SE,Desktop,1,1,1,0,0,0,0
2026-10-01,US,Desktop,12,12,12,0,0,1,0
2026-10-01,US,Mobile,5,5,4,1,1,4,0
2026-10-01,US,Tablet,1,1,1,0,0,1,0
2026-10-01,BR,Desktop,1,1,1,0,0,0,0
2026-10-01,ES,Desktop,1,1,1,0,0,1,0

