event,month,events,nonbot,with_session
$autocapture,2026-03-01,5499,5499,5499
$pageview,2026-03-01,7004,6993,7004
Pageview,2026-03-01,254,254,254
$autocapture,2026-04-01,3267,3267,3267
$pageview,2026-04-01,11594,11590,11594
Pageview,2026-04-01,480,480,480
$autocapture,2026-05-01,9893,9893,9893
$pageview,2026-05-01,7859,7844,7859
Pageview,2026-05-01,816,816,816
$autocapture,2026-06-01,2993,2993,2993
$pageview,2026-06-01,4685,4656,4685
Pageview,2026-06-01,121,121,121
$autocapture,2026-07-01,4482,4482,4482
$pageview,2026-07-01,14305,14304,14305
Pageview,2026-07-01,472,472,472
$autocapture,2026-08-01,1768,1768,1768
$pageview,2026-08-01,12240,12137,12240
Pageview,2026-08-01,56,56,56
$autocapture,2026-09-01,6902,6902,6902
$pageview,2026-09-01,8113,7970,8113
Pageview,2026-09-01,354,354,354
$autocapture,2026-10-01,3660,3660,3660
$pageview,2026-10-01,55975,55962,55975
Pageview,2026-10-01,68,68,68

