week,sessions,total_pageviews,interacting_sessions
2026-03-02,5,6,3
2026-03-09,7,14,5
2026-03-16,18,19,7
2026-03-23,23,36,9
2026-03-30,18,19,5
2026-04-06,39,49,17
2026-04-13,39,43,9
2026-04-20,22,27,12
2026-04-27,37,52,21
2026-05-04,37,49,20
2026-05-11,46,63,15
2026-05-18,37,48,13
2026-05-25,29,42,15
2026-06-01,7,10,4
2026-06-08,6,7,5
2026-06-15,5,7,3
2026-06-22,15,18,5
2026-06-29,18,25,10
2026-07-06,18,26,11
2026-07-13,71,84,21
2026-07-20,55,65,18
2026-07-27,34,50,15
2026-08-03,15,17,8
2026-08-10,6,6,3
2026-08-17,1,1,0
2026-08-24,1,1,0
2026-08-31,4,5,1
2026-09-07,5,9,4
2026-09-21,15,15,2
2026-09-28,19,19,1
2026-10-05,14,14,0

